{
  "hash": "038cd734",
  "configHash": "b5aa5e56",
  "lockfileHash": "c9d06700",
  "browserHash": "f028be6d",
  "optimized": {
    "@angular/common": {
      "src": "../../../../../node_modules/@angular/common/fesm2022/common.mjs",
      "file": "@angular_common.js",
      "fileHash": "d15a5185",
      "needsInterop": false
    },
    "@angular/core": {
      "src": "../../../../../node_modules/@angular/core/fesm2022/core.mjs",
      "file": "@angular_core.js",
      "fileHash": "bc79ab32",
      "needsInterop": false
    },
    "@angular/platform-browser": {
      "src": "../../../../../node_modules/@angular/platform-browser/fesm2022/platform-browser.mjs",
      "file": "@angular_platform-browser.js",
      "fileHash": "9d8b13a5",
      "needsInterop": false
    },
    "@angular/router": {
      "src": "../../../../../node_modules/@angular/router/fesm2022/router.mjs",
      "file": "@angular_router.js",
      "fileHash": "1611f512",
      "needsInterop": false
    }
  },
  "chunks": {
    "chunk-CDV2XKRY": {
      "file": "chunk-CDV2XKRY.js"
    },
    "chunk-GGLGWKTL": {
      "file": "chunk-GGLGWKTL.js"
    },
    "chunk-4ZODTR3R": {
      "file": "chunk-4ZODTR3R.js"
    }
  }
}